FN14,FN5,FN15,FB4,FN11,FN19,FB1,FN13
FN14,FN8,FB3,FN21,FN20,FN3,FB2,FN17,FN12,FB4,FN23,FB6,FN6,FN11,FN16,FN2,FN15,FN5,FB1,FN19,FN9,FN1,FN10,FN22,FN4,FB7,FN13
FN14,FN13,FB3,FN21,FN20,FN3,FN17,FB2,FN23,FB4,FN12,FB6,FN6,FN16,FN11,FN15,FN2,FN5,FN9,FB1,FN19,FN10,FN7,FN22,FB7
FN14,FN5,FB4,FN20,FN3,FB2,FN17,FN12,FN23,FB6,FN16,FN6,FN11,FN2,FN19,FN9,FN1,FB1,FN8,FN10,FN22,FB7,FN7,FN4,FB3,FN13
FN14,FN22,FN17,FN21,FN20,FN3,FB2,FB4,FN12,FN23,FN11,FN16,FN6,FB6,FN2,FN15,FN5,FN1,FN19,FN9,FB1,FN8,FN10,FN7,FN4,FB7,FB3,FN13
FN14,FN13,FN23,FN20,FN3,FN17,FB2,FN12,FB6,FN11,FN6,FN16,FN15,FN5,FN19,FN9,FN8,FN7,FB7,FN4
FN14,FN21,FN9,FN20,FN3,FN17,FB2,FN12,FB4,FN23,FN6,FN16,FB6,FN2,FN15,FN5,FN19,FB1,FN1,FN8,FN10,FB7,FN22,FN7,FN4,FB3,FN13
FN14,FN16,FN1,FN20,FN3,FB2,FB4,FN23,FN6,FB6,FN2,FN15,FN19,FB1,FN10,FB7,FN22,FN13
FN14,FB2,FN12,FN21,FN20,FN3,FN23,FN16,FN1,FB1,FN19,FN8,FN22,FN4,FB7,FN7,FB3,FN13
FN14,FN19,FB4,FN12,FN6,FN1,FN4,FN7,FB3,FN13
FN14,FN5,FN11,FN21,FN20,FN3,FB2,FN17,FN23,FN12,FN6,FN16,FN15,FN2,FB1,FN1,FN19,FN10,FN8,FN22,FB7,FN7,FB3,FN13
FN14,FB2,FB3,FN21,FN3,FN17,FN12,FB4,FB6,FN6,FN11,FN16,FN2,FN15,FN5,FN1,FN19,FN9,FN10,FN8,FB7,FN7,FN4,FN13
FN14,FB2,FN3,FN20,FN12,FB4,FN16,FB1,FN10,FN13
FN14,FN17,FB2,FN21,FN20,FN3,FN12,FN23,FB4,FB6,FN16,FN6,FN11,FN15,FN2,FN5,FN9,FN19,FN1,FB1,FN10,FN8,FN22,FB7,FN4,FN7,FB3,FN13
FN14,FN20,FB1,FN21,FN3,FN17,FB2,FN23,FB4,FN12,FB6,FN6,FN16,FN11,FN2,FN15,FN5,FN1,FN9,FN19,FN10,FN7,FN4,FB7,FN13
FN14,FN16,FB6,FB4,FN23,FN12,FN11,FN2,FN9,FN8,FN7,FN13
FN14,FN19,FN13,FN20,FN3,FB2,FN17,FN12,FB4,FN23,FN16,FN11,FB6,FN6,FN15,FN2,FN5,FB1,FN9,FN1,FN10,FN8,FB7,FN4,FN7,FN22,FB3
FN14,FB7,FN3,FN21,FN20,FB2,FN17,FN12,FN23,FB4,FB6,FN16,FN11,FN2,FN15,FN5,FN1,FN9,FB1,FN19,FN10,FN8,FN7,FN4,FN22,FB3,FN13
FN14,FN9,FB3,FN21,FN20,FN3,FN12,FN16,FN6,FB7,FN4,FN13
FN14,FN15,FN2,FN21,FN20,FN3,FB2,FN17,FB4,FN12,FN23,FB6,FN11,FN16,FN6,FN5,FN9,FN1,FB1,FN19,FN8,FN10,FN22,FN4,FN7,FB3,FN13
FN14,FN9,FB1,FN21,FN17,FN12,FN6,FB6,FN16,FN15,FN5,FN19,FN22,FN7,FB3,FN13
FN14,FN22,FB4,FN21,FN20,FN3,FB2,FN17,FN23,FN12,FN16,FN6,FB6,FN2,FN15,FN5,FN19,FN9,FN1,FB1,FN8,FN10,FN7,FN4,FB7,FB3,FN13
FN14,FB6,FN2,FN21,FN20,FN3,FB2,FN17,FB4,FN12,FN23,FN11,FN6,FN16,FN15,FN5,FN1,FB1,FN10,FN8,FN4,FB7,FN7,FN22,FB3,FN13
FN14,FN2,FN13,FN21,FN20,FN3,FB2,FN12,FN16,FN6,FB1,FN7,FB3
FN14,FN4,FN10,FB4,FB6,FN16,FN2,FN15,FN9,FN19,FN7,FN22,FN13
FN14,FN17,FN5,FN21,FN20,FN3,FB2,FN23,FB4,FN12,FN11,FN6,FN16,FN2,FN15,FN9,FN19,FN1,FN8,FN10,FN4,FN7,FB7,FN22,FB3,FN13
FN14,FB2,FN12,FN20,FN3,FN17,FB4,FN23,FN6,FB6,FN2,FN5,FN1,FN9,FN8,FN7,FB7,FN22,FB3,FN13
FN14,FN10,FN7,FN21,FN20,FN3,FB2,FN17,FN23,FN12,FB4,FN16,FN6,FB6,FN2,FN15,FN5,FN1,FN9,FB1,FN19,FN8,FB7,FN22,FN4,FB3,FN13
FN14,FB1,FN20,FN3,FN17,FB4,FN23,FB6,FN11,FN6,FN15,FN5,FN9,FN1,FN8,FN10,FN7,FN22,FN4,FB7,FB3,FN13
FN14,FB6,FN10,FN21,FN3,FN17,FN11,FN15,FN2,FN19,FN4,FN7,FB3,FN13
FN14,FN21,FN22,FN20,FN3,FN17,FB4,FN12,FN11,FN6,FN2,FN15,FN5,FN9,FN1,FN19,FN10,FN8,FB7,FN4,FN13
FN14,FN8,FN4,FN21,FN3,FB2,FN17,FN12,FN23,FB6,FN16,FN5,FN19,FN1,FN9,FN10,FB7,FN7,FN13
FN14,FN23,FN6,FN20,FN17,FB2,FB4,FB6,FN2,FN5,FN1,FN19,FN10,FN22,FB7,FN7,FB3,FN13
FN14,FB6,FB3,FN21,FN20,FN3,FN19,FN1,FN10,FN13
FN14,FB1,FN19,FN21,FN20,FN3,FB2,FB4,FN23,FN6,FN16,FN11,FN2,FN15,FN5,FN9,FN1,FN10,FN8,FN7,FB3,FN13
FN14,FN22,FB7,FN21,FB2,FN17,FN12,FB4,FN23,FN6,FB6,FN2,FN15,FN9,FN19,FN1,FN8,FN10,FN4,FN7,FB3,FN13
FN14,FN3,FN7,FN21,FN20,FN17,FN12,FB4,FN23,FN6,FN16,FN11,FB6,FN15,FN2,FN5,FN9,FN19,FB1,FN10,FN8,FB3,FN13
FN14,FN5,FN23,FN21,FN3,FB2,FN17,FB4,FN12,FN16,FN6,FB6,FN11,FN15,FN2,FB1,FN1,FN9,FN10,FN8,FN22,FN4,FB7,FN7,FB3,FN13
FN14,FN4,FN12,FB2,FN17,FB4,FN16,FN11,FN15,FN5,FB1,FN19,FN22,FB7,FN7,FB3,FN13
FN14,FB4,FN4,FN2,FN15,FN5,FN9,FN13
FN14,FN23,FN20,FN21,FN3,FB2,FN12,FB4,FN11,FN16,FN19,FN9,FB1,FN10,FN8,FN22,FN7,FN13
FN14,FN17,FN6,FN21,FN3,FB2,FN16,FN15,FN19,FN1,FN10,FN7,FN4,FB3,FN13
FN14,FN5,FB6,FN21,FN20,FN3,FN17,FB2,FN12,FN23,FN16,FN6,FN11,FN15,FN2,FB1,FN19,FN1,FN10,FN4,FB7,FB3,FN13
FN14,FB2,FN6,FN3,FN12,FN23,FN16,FN11,FN15,FB1,FN19,FN4,FB7,FN13
FN14,FN15,FB3,FN21,FN3,FB2,FN23,FB4,FN12,FB6,FN11,FN5,FB1,FB7,FN4,FN22,FN7,FN13
FN14,FB6,FN21,FN20,FN3,FB2,FN23,FN12,FB4,FN6,FN16,FN15,FN5,FN19,FN9,FB7,FN4,FN7,FN13
FN14,FN4,FN16,FN21,FN20,FN3,FN17,FB2,FN23,FN12,FN11,FB6,FN6,FN2,FN15,FN5,FN9,FN1,FN19,FB1,FN10,FN8,FB7,FN22,FN7,FB3,FN13
FN14,FB1,FB2,FN20,FB4,FN16,FB6,FN6,FN15,FB3,FN13
FN14,FN19,FN12,FN21,FN20,FN3,FN17,FB2,FB4,FN23,FB6,FN6,FN11,FN15,FB1,FN9,FN10,FN8,FN22,FN7,FN4,FB3,FN13
FN14,FN21,FN2,FB2,FN12,FN23,FB4,FN11,FN6,FN16,FN19,FB1,FN1,FN9,FN10,FN22,FN4,FN13
FN14,FN20,FN4,FN21,FN3,FB2,FN23,FN12,FN11,FN16,FN6,FB6,FN2,FN9,FN19,FN1,FB1,FN10,FB7,FN13
FN14,FN3,FB1,FN21,FN17,FB2,FB4,FN12,FB6,FN16,FN11,FN6,FN2,FN15,FN5,FN1,FN19,FN9,FN10,FN8,FB7,FN22,FN4,FN7,FN13
FN14,FN22,FN23,FN21,FN17,FB2,FB4,FN12,FN16,FB6,FN6,FN15,FN2,FN5,FB1,FN19,FN9,FN10,FN8,FB7,FN4,FB3,FN13
FN14,FN23,FN16,FN17,FB2,FB4,FB6,FN11,FN6,FN5,FN9,FB1,FN1,FN8,FN10,FN7,FB7,FN4,FN22,FB3,FN13
FN14,FN16,FB2,FN23,FN2,FN5,FN9,FN1,FB1,FN4,FN7,FB7,FN22,FN13
FN14,FB2,FN8,FN20,FN3,FB4,FN23,FN11,FN1,FN19,FN9,FB1,FN10,FN4,FB3,FN13
FN14,FN7,FN8,FN21,FB2,FN23,FN15,FN5,FN9,FN1,FN22,FN13
FN14,FB7,FN13,FN20,FN3,FB2,FB4,FN12,FB6,FN16,FN11,FN6,FN15,FN5,FN9,FB1,FN19,FN1,FN8,FB3
