FN14,FN18,FB5,FN13,FN11,FB2,FN2,FN5,FN7,FN6,FB3,FN12
FN14,FN18,FB5,FN3,FN15,FN1,FN21,FB6,FB4,FB7,FN2,FN16,FN4,FN7,FB1,FN6,FN10,FN17,FN19,FN20,FN12
FN14,FN18,FB5,FN11,FN22,FB6,FB4,FN2,FN9,FN17,FN20,FN12
FN14,FN18,FB5,FN3,FN15,FN23,FN1,FN8,FB4,FB2,FN2,FN4,FN16,FN7,FN5,FN6,FB3,FN9,FN17,FN19,FN12
FN14,FN18,FB5,FN3,FN23,FN15,FN11,FN1,FB2,FB7,FN2,FN4,FN7,FB1,FB3,FN10,FN20,FN12
FN14,FN18,FB5,FN15,FN23,FN13,FN11,FN1,FB6,FN8,FB4,FN2,FN7,FN5,FB1,FN6,FN17,FN12
FN14,FN18,FB5,FN15,FN13,FN11,FN1,FN8,FN22,FB6,FN21,FN2,FB7,FB2,FN4,FN5,FN7,FN6,FB1,FN17,FN10,FN19,FN20,FN12
FN14,FN18,FB5,FN3,FN11,FN22,FN21,FB7,FN7,FN16,FN6,FN17,FN9,FN19
FN14,FN18,FB5,FN15,FN13,FN8,FB4,FN21,FB7,FN2,FN16,FN17,FN19,FN20
FN14,FN18,FB5,FN3,FN23,FN15,FN13,FN11,FN1,FB4,FN8,FB6,FN21,FN22,FN2,FB7,FB2,FN5,FN4,FN7,FN16,FN6,FB1,FN9,FN10,FN17,FB3,FN19,FN12
FN14,FN18,FB5,FN3,FN15,FN23,FN13,FN11,FN1,FB4,FN22,FN8,FB6,FN21,FB7,FN2,FB2,FN5,FN7,FN4,FN16,FN6,FB1,FN10,FN17,FB3,FN9,FN19,FN12
FN14,FN18,FB5,FN3,FN23,FN15,FN13,FN11,FN1,FN8,FB6,FN21,FN22,FB4,FB2,FN2,FB7,FN7,FN4,FN5,FN6,FB1,FN10,FN9,FN17,FN19,FN20,FN12
FN14,FN18,FB5,FN15,FN11,FN1,FB6,FN21,FN5,FN7,FN4,FN16,FN6,FN17,FN10,FB3,FN19,FN12
FN14,FN18,FB5,FN13,FN11,FB6,FN16,FN7,FN4,FB1
FN14,FN18,FB5,FN3,FN23,FN15,FN13,FN11,FN1,FN22,FN8,FB4,FN21,FB6,FN2,FB2,FB7,FN4,FN16,FN5,FN7,FB1,FN6,FN17,FB3,FN10,FN9,FN19,FN20,FN12
FN14,FN18,FB5,FN1,FB4,FN22,FB6,FN2,FB7,FN7,FN16,FN6,FN17,FN19,FN20
FN14,FN18,FB5,FN15,FN13,FN11,FB6,FN21,FN2,FB2,FB7,FN16,FN4,FN17,FN10,FN19
FN14,FN18,FB5,FN15,FN13,FN11,FN1,FB4,FB6,FB2,FN16,FN7,FN4,FN5,FB3,FN17,FN10,FN12
FN14,FN18,FB5,FN3,FN13,FN16,FN7,FB3,FN20,FN12
FN14,FN18,FB5,FN3,FN13,FB4,FN22,FN21,FN8,FB2,FB7,FN16,FN4,FB1,FN6,FB3,FN10,FN9,FN20
FN14,FN18,FB5,FN15,FN13,FN11,FN8,FB6,FB4,FN7,FN6,FB3,FN17,FN19
FN14,FN18,FB5,FN21,FB4,FN22,FB7,FB2,FN4,FN9,FN17,FB3,FN20,FN12
FN14,FN18,FB5,FN15,FN1,FN22,FB4,FB6,FB2,FB7,FN5,FN10,FB3,FN20
FN14,FN18,FB5,FN13,FN11,FB4,FN21,FN4,FN10,FN12
FN14,FN18,FB5,FN23,FN22,FN8,FB7,FB2,FN5,FN7,FB1,FN17
FN14,FN18,FB5,FN3,FN15,FN23,FN13,FN11,FN1,FN8,FB4,FN22,FB7,FB2,FN2,FN16,FN4,FN5,FN7,FN6,FB1,FN17,FB3,FN9,FN19,FN20,FN12
FN14,FN18,FB5,FN23,FN13,FN11,FN1,FB4,FB6,FB7,FN2,FB2,FN4,FN7,FN16,FN10,FB3,FN17,FN9,FN19,FN20
FN14,FN18,FB5,FN3,FB4,FN21,FN16,FN5,FN17,FN9,FN20,FN12
FN14,FN18,FB5,FN3,FN15,FN23,FN1,FN22,FN8,FB6,FN2,FB2,FN16,FN4,FN7,FN10,FN9,FB3,FN17,FN19,FN20,FN12
FN14,FN18,FB5,FN3,FN15,FN23,FN11,FN1,FN8,FN22,FB4,FB7,FB2,FN7,FN5,FN16,FN4,FN6,FB1,FB3,FN9,FN17,FN19,FN20,FN12
FN14,FN18,FB5,FN15,FN23,FN13,FN8,FB6,FB7,FN4,FB1,FN9,FN17,FN10,FN12
FN14,FN18,FB5,FN3,FB6,FB7,FN6,FB1,FB3,FN17
FN14,FN18,FB5,FN3,FN23,FN15,FN11,FN1,FN22,FB4,FN2,FB7,FB2,FN5,FN7,FN16,FN6,FN17,FB3,FN9,FN12
FN14,FN18,FB5,FN3,FN15,FN23,FN13,FN11,FN1,FN8,FN22,FB4,FN21,FB6,FB7,FN2,FB2,FN16,FN5,FN4,FB1,FB3,FN17,FN19,FN12
FN14,FN18,FB5,FN3,FN15,FN23,FN13,FN11,FN1,FN22,FB4,FN8,FB6,FN21,FB2,FB7,FN2,FN4,FN16,FN5,FN7,FB1,FN6,FN10,FB3,FN9,FN17,FN19,FN20,FN12
FN14,FN18,FB5,FN3,FN23,FN15,FN13,FN11,FN1,FN22,FB6,FN8,FN21,FB7,FN2,FB2,FN16,FN4,FN7,FN5,FB1,FN6,FB3,FN9,FN17,FN10,FN19,FN20,FN12
FN14,FN18,FB5,FN3,FN13,FN11,FN8,FN22,FN2,FN16,FN7,FN4,FN9,FN12
FN14,FN18,FB5,FN3,FN23,FN13,FN21,FB4,FN8,FB6,FB7,FN5,FN16,FN4,FN6,FB1,FN17,FN19
FN14,FN18,FB5,FN15,FN23,FN13,FN11,FN8,FN21,FB6,FB4,FN2,FB7,FN4,FN7,FN5,FB1,FN6,FB3,FN17,FN10,FN19,FN20
FN14,FN18,FB5,FN15,FN23,FN11,FN1,FN21,FB7,FN5,FN6,FB3,FN20,FN12
FN14,FN18,FB5,FN3,FN15,FN23,FN13,FN11,FN21,FB4,FB6,FN22,FB7,FN2,FN5,FB1,FN17,FB3,FN9,FN20
FN14,FN18,FB5,FN23,FN15,FN21,FN4,FB1,FN17,FN20
FN14,FN18,FB5,FN15,FN22,FB2,FN2,FN16,FN7,FB1,FN6,FN9,FN10,FB3,FN19
FN14,FN18,FB5,FN3,FN15,FN23,FN13,FN11,FN1,FN21,FN22,FB6,FN8,FB7,FB2,FN16,FN5,FN6,FN17,FN10,FB3,FN9,FN19,FN20,FN12
FN14,FN18,FB5,FN3,FN23,FN8,FN2,FB2,FN6,FN17,FN12
FN14,FN18,FB5,FN3,FN15,FN23,FN13,FN11,FN8,FN21,FB7,FN7,FN5,FN4,FB1,FN9,FB3,FN10,FN17,FN12
FN14,FN18,FB5,FN1,FB6,FN21,FN22,FN4,FB1,FN6,FN20
FN14,FN18,FB5,FN3,FN23,FN15,FN13,FN1,FN21,FB4,FB6,FN22,FN8,FB7,FN2,FB2,FN16,FN7,FN4,FB1,FN6,FN17,FN10,FB3,FN9,FN19,FN12
FN14,FN18,FB5,FN3,FN23,FN15,FN13,FN11,FN1,FB6,FB4,FN22,FN8,FN21,FN2,FB2,FB7,FN5,FN4,FN7,FN16,FN6,FB1,FN17,FB3,FN9,FN10,FN19,FN20,FN12
FN14,FN18,FB5,FN23,FN13,FN11,FN1,FN21,FB4,FB6,FN8,FB2,FN2,FN16,FN5,FN4,FB1,FN6,FN10,FN9,FB3,FN19,FN20,FN12
FN14,FN18,FB5,FN3,FN15,FN23,FN13,FN11,FN1,FB4,FN22,FB6,FN8,FN21,FN2,FB7,FN4,FN7,FN5,FN16,FB1,FN6,FN17,FN9,FN10,FB3,FN19,FN20
FN14,FN18,FB5,FN3,FN15,FN23,FN13,FN11,FN1,FN21,FN22,FB6,FN8,FB7,FB2,FN5,FN7,FN16,FN4,FB1,FN6,FN10,FN17,FN9,FB3,FN19,FN20
FN14,FN18,FB5,FN15,FN23,FN13,FN21,FN22,FN8,FB4,FN2,FB2,FB7,FN4,FN7,FN6,FN9,FB3,FN20
FN14,FN18,FB5,FN3,FN13,FN1,FB7,FB2,FN5,FN4,FB1,FN9,FN10,FN20
FN14,FN18,FB5,FN22,FN8,FB7,FN6,FN17,FN10,FN20
FN14,FN18,FB5,FN15,FB6,FB4,FB7,FB2,FN2,FN16,FN6,FB3,FN10,FN20
FN14,FN18,FB5,FN3,FN23,FN15,FN13,FN11,FN1,FB4,FN21,FN8,FN22,FB2,FB7,FN2,FN4,FN5,FN16,FN7,FN6,FB1,FN17,FN9,FN10,FB3,FN19,FN20,FN12
FN14,FN18,FB5,FN3,FN15,FN23,FN13,FN11,FN1,FN21,FB4,FB6,FB7,FN2,FN5,FN16,FN4,FB1,FN6,FN9,FN17,FN10,FN19,FN20,FN12
FN14,FN18,FB5,FN3,FN23,FN13,FN11,FB7,FN16,FN4,FN7,FN6,FB3,FN10,FN19,FN20
FN14,FN18,FB5,FN3,FN13,FN11,FN22,FB2,FB7,FN20,FN12
FN14,FN18,FB5,FN23,FN13,FN11,FN1,FB6,FN22,FN8,FB4,FN21,FN2,FB2,FB7,FN16,FN5,FN4,FB1,FN6,FN10,FN9,FN19,FN20,FN12
FN14,FN18,FB5,FN15,FN23,FN11,FN1,FN8,FN22,FN21,FN6,FN10,FB3,FN17,FN19,FN20,FN12
FN14,FN18,FB5,FN15,FN23,FN13,FN11,FN1,FN21,FN8,FB2,FB7,FN7,FN4,FB1,FN6,FN9,FN10
FN14,FN18,FB5,FN3,FN15,FN13,FN1,FN21,FB6,FN22,FN8,FB2,FN2,FN16,FN5,FN7,FN4,FB1,FN6,FN9,FN17,FN20,FN12
FN14,FN18,FB5,FN3,FN23,FN15,FN13,FN11,FN1,FN22,FN21,FN8,FB4,FB6,FN2,FB2,FB7,FN4,FN16,FB1,FN6,FB3,FN9,FN17,FN10,FN19,FN20,FN12
FN14,FN18,FB5,FN23,FN8,FB4,FB7,FN16,FN5,FN4
FN14,FN18,FB5,FN23,FN11,FN22,FN5,FN19,FN20,FN12
FN14,FN18,FB5,FN3,FN23,FN15,FN13,FN11,FN1,FB6,FB4,FN8,FN21,FB2,FN2,FN16,FN5,FN6,FN9,FN19,FN12
FN14,FN18,FB5,FN1,FB6,FN22,FB2,FN2,FN16,FN7,FN4,FN10,FN19,FN20
FN14,FN18,FB5,FN3,FN23,FN13,FN11,FN8,FB4,FN21,FB6,FN2,FB2,FN16,FN5,FN4,FN7,FN6,FB3,FN17,FN20
FN14,FN18,FB5,FN3,FN23,FN15,FN13,FN11,FN1,FB6,FN8,FN21,FB4,FB7,FB2,FN2,FN7,FN16,FN5,FN4,FB1,FN6,FN10,FB3,FN9,FN17,FN19,FN20,FN12
FN14,FN18,FB5,FB6,FN21,FB2,FB7,FN6,FN17,FN19
FN14,FN18,FB5,FN15,FN13,FN11,FB2,FN2,FN4,FN7,FN16,FN6,FN17,FB3,FN9,FN19,FN20
FN14,FN18,FB5,FN3,FN15,FN23,FN13,FN11,FN1,FN21,FN8,FB6,FN22,FB4,FB7,FN2,FB2,FN7,FN16,FN4,FN5,FN6,FB1,FN10,FN17,FN9,FN19,FN20,FN12
FN14,FN18,FB5,FN3,FN11,FN1,FN21,FB6,FN22,FN2,FB7,FN4,FN7,FN10
FN14,FN18,FB5,FN23,FN13,FN8,FN21,FB7,FN2,FB2,FN5,FN6,FB1,FB3,FN9,FN10,FN19,FN20
FN14,FN18,FB5,FB6,FN2,FB7,FB1,FB3,FN10,FN20
FN14,FN18,FB5,FN3,FN23,FN13,FN11,FN1,FB4,FB6,FN21,FN22,FN8,FB7,FN2,FB2,FN7,FN16,FN4,FN5,FN6,FB1,FN17,FN10,FN9,FB3,FN19,FN20,FN12
FN14,FN18,FB5,FN23,FN15,FN13,FN11,FN1,FB4,FB6,FN22,FN2,FB7,FN4,FN17,FN19,FN12
FN14,FN18,FB5,FN3,FN13,FN8,FN2,FN7,FB1,FB3,FN10
FN14,FN18,FB5,FN3,FN13,FN1,FN21,FN8,FN22,FB7,FN5,FN16,FN6,FB1,FN19,FN12
FN14,FN18,FB5,FN11,FN1,FN22,FB2,FN16,FN5,FN17,FN9,FN19,FN20,FN12
FN14,FN18,FB5,FN3,FN23,FN13,FN11,FN1,FB4,FN8,FN22,FN21,FB7,FB2,FN5,FN4,FN7,FN16,FB1,FN9,FN10,FN19,FN20,FN12
FN14,FN18,FB5,FN3,FN23,FN15,FN13,FN11,FN1,FN22,FN8,FN21,FB6,FN2,FB2,FB7,FN7,FN5,FN4,FN6,FB1,FN9,FB3,FN10,FN17,FN19,FN20
FN14,FN18,FB5,FN11,FB6,FN8,FB2,FN7,FN6,FN10,FB3,FN20
FN14,FN18,FB5,FN3,FN23,FB6,FB2,FN7,FN4,FN6,FB1,FN9,FB3,FN17,FN20,FN12
FN14,FN18,FB5,FN3,FN23,FN15,FN11,FN1,FN8,FN21,FN2,FB7,FN16,FN10,FB3,FN17,FN19,FN20,FN12
FN14,FN18,FB5,FN3,FN23,FN13,FN11,FB6,FN22,FB4,FB7,FB2,FN5,FN7,FN4,FN6,FB1,FN9,FN10,FN20,FN12
FN14,FN18,FB5,FN3,FN15,FN23,FN13,FN11,FB4,FN21,FB7,FB2,FN5,FN16,FB1,FN6,FN9,FN10,FB3,FN19
FN14,FN18,FB5,FN3,FN15,FN23,FN13,FN11,FN1,FN21,FN8,FB4,FN22,FN2,FB7,FB2,FN5,FN16,FN4,FN7,FN6,FB1,FN10,FN9,FB3,FN17,FN19,FN20
FN14,FN18,FB5,FB6,FB7,FN16,FN7,FN4,FB3,FN19,FN20
FN14,FN18,FB5,FN23,FN13,FN11,FN22,FN8,FB4,FB6,FN4,FN5,FB1,FN20,FN12
FN14,FN18,FB5,FN3,FN11,FN22,FN21,FB4,FB6,FN4,FN5,FN6,FN19,FN12
FN14,FN18,FB5,FN3,FN13,FB7,FB2,FN16,FB3,FN19
FN14,FN18,FB5,FN15,FN13,FN11,FN1,FB6,FN8,FN21,FN2,FB2,FN7,FN4,FN6,FB1,FN9,FB3,FN19,FN20,FN12
FN14,FN18,FB5,FN3,FN15,FN21,FB6,FN22,FN8,FN7,FN6,FB1,FN10,FN12
FN14,FN18,FB5,FN3,FN23,FN21,FB6,FB7,FN4,FN5,FN7,FN6,FB1,FN17
FN14,FN18,FB5,FN3,FN23,FN15,FN13,FN11,FB4,FB6,FN22,FN21,FN8,FN2,FB7,FB2,FN16,FN4,FN7,FN5,FN6,FB1,FN9,FB3,FN10,FN17,FN19,FN20,FN12
FN14,FN18,FB5,FN15,FN23,FN13,FN11,FB6,FN8,FN21,FB2,FN16,FN7,FN5,FN6,FB1,FN9,FN17,FN10,FN12
FN14,FN18,FB5,FN3,FN23,FN11,FN1,FN22,FB4,FB7,FN5,FN4,FB3,FN9,FN19,FN12
