FN14,FB6,FN12,FN11,FN2,FN9,FN5,FN4,FN8,FN19,FN6,FN16,FN15,FN21,FN17,FN7,FN23,FN3,FN1,FB4,FN20,FB1,FB2,FB7,FN10,FN13,FB3
FN14,FB4,FN9,FN11,FB6,FN2,FN8,FN12,FN22,FN4,FN6,FN19,FN16,FN15,FN17,FN7,FN23,FN3,FN1,FB2,FN20,FB1,FB7,FN13,FB3
FN14,FB4,FN1,FN11,FB6,FN2,FN9,FN8,FN5,FN12,FN22,FN4,FN6,FN19,FN16,FN15,FN21,FN17,FN23,FN7,FN3,FN10,FB7,FN13,FB3
FN14,FN2,FN17,FN11,FB6,FN4,FN12,FN19,FN15,FN7,FN1,FB4,FB1,FB2,FB7,FN13,FB3
FN14,FN22,FN20,FB6,FN9,FN4,FN12,FN8,FN16,FN17,FN7,FB2,FB1,FB7,FN13,FB3
FN14,FN15,FN2,FN4,FN12,FN19,FN16,FN23,FB4,FB1,FN10,FB3
FN14,FB1,FB7,FN11,FB6,FN2,FN9,FN4,FN12,FN5,FN8,FN22,FN6,FN19,FN16,FN15,FN21,FN17,FN7,FN23,FB4,FN1,FN3,FN20,FB2,FN10,FN13,FB3
FN14,FN21,FB3,FB6,FN9,FN8,FN4,FN5,FN22,FN19,FN17,FN7,FN1,FN3,FB4,FB1,FB7,FN13
FN14,FN16,FN11,FB6,FN2,FN5,FN22,FN4,FN12,FN6,FN19,FN15,FN21,FN17,FN23,FN3,FN1,FB4,FB1,FB2,FN20,FN10,FB7,FN13
FN14,FN15,FN22,FN11,FB6,FN2,FN9,FN12,FN4,FN8,FN5,FN6,FN19,FN16,FN21,FN17,FN7,FN23,FN1,FN3,FB4,FN20,FB1,FB2,FB7,FN10,FN13,FB3
FN14,FN23,FN22,FN11,FB6,FN2,FN9,FN8,FN5,FN12,FN4,FN6,FN19,FN15,FN16,FN17,FN1,FN3,FB4,FN20,FB2,FB1,FN10,FB7,FN13,FB3
FN14,FN1,FN16,FN11,FB6,FN2,FN9,FN5,FN22,FN8,FN12,FN4,FN19,FN6,FN15,FN21,FN17,FN7,FN23,FN3,FB2,FN20,FB7,FN10,FN13
FN14,FB1,FB4,FN11,FN2,FN12,FN8,FN22,FN4,FN15,FN16,FN17,FN21,FN23,FN7,FN3,FN10,FB7,FN13
FN14,FB4,FN19,FN11,FN2,FN9,FN12,FN8,FN22,FN4,FN5,FN6,FN15,FN16,FN17,FN21,FN23,FN7,FN1,FN3,FB2,FB1,FB7,FN10,FN13,FB3
FN14,FN11,FN16,FB6,FN2,FN22,FN4,FN5,FN6,FN17,FN23,FN7,FN3,FB4,FN1,FN20,FB7,FB3
FN14,FN21,FN1,FN4,FN17,FN7,FN3,FB1,FN20,FB3
FN14,FN11,FN23,FB6,FN9,FN8,FN12,FN5,FN4,FN22,FN19,FN6,FN16,FN15,FN17,FN21,FN7,FN3,FB4,FN1,FB2,FN20,FB1,FB7,FN10,FN13,FB3
FN14,FB6,FN17,FN2,FN12,FN4,FN22,FN6,FN15,FN21,FN7,FN3,FN1,FB2,FB1
FN14,FN11,FN8,FB6,FN22,FN4,FN6,FN16,FN21,FN17,FN23,FN7,FB4,FN3,FN1,FB1,FN20,FB7,FN10,FN13,FB3
FN14,FN2,FN10,FN9,FN4,FN22,FN8,FN19,FN15,FN7,FB7,FN13,FB3
FN14,FN22,FN1,FN11,FB6,FN2,FN9,FN12,FN4,FN5,FN8,FN6,FN19,FN15,FN16,FN17,FN21,FN7,FN23,FN3,FB4,FB2,FB1,FN20,FN10,FB7,FN13,FB3
FN14,FN19,FB1,FN11,FB6,FN12,FN4,FN6,FN16,FN15,FN17,FN21,FN23,FN1,FB4,FN20,FN10,FB7,FN13,FB3
FN14,FN5,FB6,FN11,FN2,FN9,FN4,FN8,FN19,FN6,FN15,FN21,FN17,FN23,FN7,FN1,FN20,FB2,FB7,FB3
FN14,FN4,FN5,FN11,FN2,FN8,FN12,FN22,FN6,FN19,FN16,FN21,FN17,FN7,FN23,FB4,FN1,FB1,FN20,FB2,FB7,FN10,FN13,FB3
FN14,FN17,FN13,FB6,FN2,FN5,FN4,FN7,FN20,FB2,FB7,FB3
FN14,FN22,FB1,FB6,FN2,FN4,FN12,FN19,FN16,FN21,FN13
FN14,FN20,FN23,FN11,FB6,FN9,FN4,FN12,FN6,FN19,FN15,FB4,FB2,FB1,FN13
FN14,FB3,FB4,FN11,FB6,FN2,FN9,FN5,FN4,FN22,FN12,FN8,FN6,FN19,FN16,FN15,FN21,FN17,FN7,FN23,FN3,FN1,FB1,FB2,FN20,FB7,FN10,FN13
FN14,FN22,FN4,FN11,FB6,FN12,FN19,FN6,FN21,FN7,FB4,FB1,FN10,FN13,FB3
FN14,FN2,FN9,FB6,FN4,FN19,FN17,FN23,FN7,FN1,FB2,FN20,FN10,FN13
FN14,FN22,FN10,FN11,FB6,FN5,FN4,FN19,FN16,FN23,FB4,FN20,FB2,FN13
FN14,FN20,FN5,FN12,FN4,FN22,FN19,FN7,FN1,FN3,FB4,FB2,FB1,FB7
FN14,FN1,FN5,FN11,FB6,FN2,FN9,FN22,FN4,FN8,FN12,FN6,FN19,FN15,FN16,FN17,FN21,FN23,FN7,FB4,FN3,FB1,FB2,FN20,FN10,FB7,FN13,FB3
FN14,FN12,FN11,FN9,FN22,FN4,FN17,FN21,FN3,FB1,FB2,FB3
FN14,FN2,FN8,FN9,FN5,FN12,FN22,FN4,FN19,FN16,FN21,FN7,FB4,FB1,FB7,FN13,FB3
FN14,FN20,FN23,FN11,FB6,FN2,FN9,FN12,FN4,FN8,FN5,FN22,FN6,FN19,FN16,FN15,FN17,FN21,FN7,FN3,FN1,FB4,FB2,FB1,FN10,FB7,FN13,FB3
FN14,FN21,FN2,FB6,FN9,FN12,FN5,FN4,FN8,FN17,FN23,FN1,FN3,FB4,FN20,FB1,FB2,FB7,FN13
FN14,FN17,FB2,FN11,FN2,FN9,FN5,FN4,FN12,FN22,FN6,FN15,FN7,FN23,FN3,FN1,FB4,FB1,FN20,FN10,FN13,FB3
FN14,FN9,FB1,FN11,FB6,FN2,FN5,FN22,FN12,FN8,FN4,FN6,FN19,FN15,FN17,FN21,FN23,FB4,FN1,FN20,FB2,FB7,FN10,FN13,FB3
FN14,FB4,FN2,FB6,FN9,FN4,FN6,FN17,FB1
FN14,FN10,FN16,FN11,FN2,FN9,FN4,FN6,FN17,FN23,FN3,FN20,FB3
FN14,FN16,FB6,FN11,FN2,FN9,FN22,FN5,FN4,FN8,FN12,FN19,FN6,FN15,FN21,FN17,FN23,FN7,FN3,FB4,FB2,FN20,FB1,FN10,FB7,FN13,FB3
FN14,FN12,FN21,FN11,FB6,FN2,FN9,FN5,FN4,FN8,FN22,FN19,FN16,FN15,FN17,FN7,FN1,FB4,FN3,FN20,FB1,FB7,FN10,FN13,FB3
FN14,FN6,FN20,FB6,FN2,FN9,FN4,FN8,FN22,FN5,FN15,FN16,FN17,FN21,FN7,FN1,FB4,FB2,FB1,FN10,FB7
FN14,FN13,FN2,FN11,FB6,FN5,FN4,FN12,FN19,FN6,FN16,FN17,FN7,FN23,FB4,FN1,FB2,FB1,FB3
FN14,FB2,FB7,FN11,FB6,FN2,FN4,FN22,FN12,FN8,FN19,FN6,FN15,FN16,FN21,FB4,FN1,FN3,FB1,FN20,FN10,FN13,FB3
FN14,FN3,FB3,FN11,FN9,FN12,FN4,FN5,FN19,FN6,FN15,FN21,FN17,FN23,FB4,FN1,FB1,FB2,FN20,FB7,FN10,FN13
FN14,FN16,FN10,FN11,FB6,FN9,FN8,FN4,FN6,FN19,FN20,FB2,FN13,FB3
FN14,FN4,FN16,FN2,FN12,FN8,FN5,FN19,FN17,FN3,FB2,FB7
FN14,FB4,FN12,FN11,FB6,FN2,FN9,FN5,FN4,FN22,FN6,FN19,FN15,FN17,FN21,FN7,FN23,FN1,FN3,FN20,FB2,FN10,FB7,FB3
