FN14,FN18,FB5,FN13,FN17,FN11,FN15,FN12,FN8,FN1,FB4,FN9,FN20
FN14,FN18,FB5,FN3,FN13,FN16,FN11,FN2,FN1,FN7,FN19,FB6,FB4,FN9,FN20
FN14,FN18,FB5,FN13,FN7,FN21,FB2,FN1,FN5,FB6
FN14,FN18,FB5,FN13,FB3,FN12,FN6,FN8,FN1,FB4,FN4
FN14,FN18,FB5,FN3,FN13,FB3,FN17,FN16,FN6,FN8,FN7,FB2,FN1,FN21,FN19,FN22,FN5,FN23,FB4,FN9,FB7,FN20
FN14,FN18,FB5,FN3,FN13,FB3,FN11,FN16,FN15,FN6,FN7,FN21,FN1,FB2,FN19,FN23,FN5,FN22,FB6,FB4,FB7,FN9,FN4,FN20
FN14,FN18,FB5,FN3,FN13,FN2,FN16,FN17,FB3,FN11,FN15,FN6,FN12,FN21,FN10,FN1,FB2,FN8,FN19,FN5,FN23,FN22,FB6,FB4,FB7,FN9,FN4,FN20
FN14,FN18,FB5,FN3,FN13,FN16,FN6,FB2,FN5,FB6,FN9,FN4
FN14,FN18,FB5,FN13,FN16,FN2,FN17,FB3,FN11,FN12,FN6,FN15,FN10,FN7,FN8,FN19,FN22,FN5,FB6,FB4,FB7,FN9,FN20
FN14,FN18,FB5,FN13,FN11,FN16,FN12,FN6,FN15,FN7,FN10,FB2,FN1,FN19,FN5,FN23,FN22,FB6,FB7,FN20
FN14,FN18,FB5,FN3,FN13,FB3,FN2,FN16,FN11,FN6,FN12,FN8,FN23,FB4,FN9,FN20
FN14,FN18,FB5,FN3,FN13,FB3,FN17,FN16,FN11,FN2,FN15,FN6,FN1,FN21,FN7,FB2,FN8,FN10,FN19,FN23,FN5,FB6,FB4,FN9,FB7,FN4,FN20
FN14,FN18,FB5,FN3,FN13,FN2,FN16,FN15,FN12,FN6,FN21,FB2,FN8,FN19,FB6,FN20
FN14,FN18,FB5,FN3,FN13,FN16,FB3,FN17,FN11,FN7,FB2,FN21,FN1,FN19,FN23,FN5,FN22,FB6,FB4,FB7,FN9,FN20
FN14,FN18,FB5,FN13,FN2,FN16,FB2,FN8,FN19,FN23,FN4
FN14,FN18,FB5,FN13,FB3,FN11,FN16,FN8,FB2,FN5,FN9
FN14,FN18,FB5,FN13,FN2,FN1,FN8,FN19,FB4,FB7
